[
  {
    "name": "Eliza Lucas",
    "email": "abc123@email.com",
    "skills": "Coding, designing, graphics, website, app ui"
  },
  {
    "name": "Nick Gordon",
    "email": "abc123@email.com",
    "skills": "Coding, designing, graphics, website, app ui"
  },
  {
    "name": "Matthew Pierce",
    "email": "abc123@email.com",
    "skills": "Coding, designing, graphics, website, app ui"
  },
  {
    "name": "EEmma Green",
    "email": "abc123@email.com",
    "skills": "Coding, designing, graphics, website, app ui"
  },
  {
    "name": "Roger Reid",
    "email": "abc123@email.com",
    "skills": "Coding, designing, graphics, website, app ui"
  },
  {
    "name": "Janet Cooper",
    "email": "abc123@email.com",
    "skills": "Coding, designing, graphics, website, app ui"
  },
  {
    "name": "Elon Musk",
    "email": "abc123@email.com",
    "skills": "Coding, designing, graphics, website, app ui"
  },
  {
    "name": "Bill Gates",
    "email": "abc123@email.com",
    "skills": "Coding, designing, graphics, website, app ui"
  },
  {
    "name": "Mathew Black",
    "email": "abc123@email.com",
    "skills": "Coding, designing, graphics, website, app ui"
  },
  {
    "name": "Mona White",
    "email": "abc123@email.com",
    "skills": "Coding, designing, graphics, website, app ui"
  },
  {
    "name": "Kartik Aryan",
    "email": "abc123@email.com",
    "skills": "Coding, designing, graphics, website, app ui"
  },
  {
    "name": "Raja Mohan",
    "email": "abc123@email.com",
    "skills": "Coding, designing, graphics, website, app ui"
  },
  {
    "name": "Sachin Tendulkar",
    "email": "abc123@email.com",
    "skills": "Coding, designing, graphics, website, app ui"
  },
  {
    "name": "John Schimdt",
    "email": "abc123@email.com",
    "skills": "Coding, designing, graphics, website, app ui"
  },
  {
    "name": "Ramesh Singh",
    "email": "abc123@email.com",
    "skills": "Coding, designing, graphics, website, app ui"
  }
]
